{
  "version": "7",
  "dialect": "postgresql",
  "entries": [
    {
      "idx": 0,
      "version": "7",
      "when": 1768907920398,
      "tag": "0000_narrow_manta",
      "breakpoints": true
    },
    {
      "idx": 1,
      "version": "7",
      "when": 1768927346092,
      "tag": "0001_mixed_avengers",
      "breakpoints": true
    },
    {
      "idx": 2,
      "version": "7",
      "when": 1768944140265,
      "tag": "0002_awesome_molly_hayes",
      "breakpoints": true
    },
    {
      "idx": 3,
      "version": "7",
      "when": 1768996568663,
      "tag": "0003_huge_thaddeus_ross",
      "breakpoints": true
    },
    {
      "idx": 4,
      "version": "7",
      "when": 1768999142067,
      "tag": "0004_tearful_forge",
      "breakpoints": true
    },
    {
      "idx": 5,
      "version": "7",
      "when": 1769065043712,
      "tag": "0005_cloudy_steve_rogers",
      "breakpoints": true
    },
    {
      "idx": 6,
      "version": "7",
      "when": 1769065337128,
      "tag": "0006_dazzling_albert_cleary",
      "breakpoints": true
    },
    {
      "idx": 7,
      "version": "7",
      "when": 1769203420760,
      "tag": "0007_certain_lilandra",
      "breakpoints": true
    },
    {
      "idx": 8,
      "version": "7",
      "when": 1769254413250,
      "tag": "0008_tan_agent_brand",
      "breakpoints": true
    },
    {
      "idx": 9,
      "version": "7",
      "when": 1769300705444,
      "tag": "0009_oval_phil_sheldon",
      "breakpoints": true
    },
    {
      "idx": 10,
      "version": "7",
      "when": 1769456027432,
      "tag": "0010_abandoned_warstar",
      "breakpoints": true
    }
  ]
}